,date,humidity
0,2016-1-1,73.0
1,2016-2-1,36.0
2,2016-3-1,47.3
3,2016-4-1,26.0
4,2016-5-1,40.5
5,2016-6-1,45.8
6,2016-7-1,86.5
7,2016-8-1,72.0
8,2016-9-1,71.3
9,2016-10-1,69.0
10,2016-11-1,43.6
11,2016-12-1,47.6
12,2016-1-2,76.9
13,2016-2-2,41.8
14,2016-3-2,67.9
15,2016-4-2,40.8
16,2016-5-2,64.5
17,2016-6-2,38.3
18,2016-7-2,81.4
19,2016-8-2,72.5
20,2016-9-2,68.5
21,2016-10-2,84.1
22,2016-11-2,53.1
23,2016-12-2,48.4
24,2016-1-3,80.6
25,2016-2-3,49.6
26,2016-3-3,65.1
27,2016-4-3,75.1
28,2016-5-3,86.1
29,2016-6-3,48.1
30,2016-7-3,70.4
31,2016-8-3,65.4
32,2016-9-3,73.8
33,2016-10-3,73.3
34,2016-11-3,62.8
35,2016-12-3,58.8
36,2016-1-4,54.4
37,2016-2-4,50.1
38,2016-3-4,55.3
39,2016-4-4,42.6
40,2016-5-4,46.6
41,2016-6-4,51.8
42,2016-7-4,85.1
43,2016-8-4,59.6
44,2016-9-4,71.3
45,2016-10-4,58.9
46,2016-11-4,67.0
47,2016-12-4,60.1
48,2016-1-5,39.4
49,2016-2-5,39.4
50,2016-3-5,91.3
51,2016-4-5,45.1
52,2016-5-5,50.8
53,2016-6-5,47.3
54,2016-7-5,93.6
55,2016-8-5,60.1
56,2016-9-5,66.1
57,2016-10-5,61.9
58,2016-11-5,77.4
59,2016-12-5,69.1
60,2016-1-6,54.3
61,2016-2-6,38.6
62,2016-3-6,51.0
63,2016-4-6,44.3
64,2016-5-6,89.3
65,2016-6-6,49.1
66,2016-7-6,74.0
67,2016-8-6,64.8
68,2016-9-6,69.0
69,2016-10-6,59.3
70,2016-11-6,59.4
71,2016-12-6,38.5
72,2016-1-7,51.8
73,2016-2-7,46.5
74,2016-3-7,36.9
75,2016-4-7,69.5
76,2016-5-7,60.3
77,2016-6-7,69.5
78,2016-7-7,71.6
79,2016-8-7,56.0
80,2016-9-7,69.8
81,2016-10-7,67.8
82,2016-11-7,71.3
83,2016-12-7,58.3
84,2016-1-8,49.8
85,2016-2-8,62.1
86,2016-3-8,40.4
87,2016-4-8,76.1
88,2016-5-8,44.8
89,2016-6-8,65.9
90,2016-7-8,66.5
91,2016-8-8,63.1
92,2016-9-8,76.4
93,2016-10-8,66.4
94,2016-11-8,58.0
95,2016-12-8,70.0
96,2016-1-9,57.1
97,2016-2-9,52.5
98,2016-3-9,37.5
99,2016-4-9,83.9
100,2016-5-9,43.0
101,2016-6-9,59.5
102,2016-7-9,64.8
103,2016-8-9,68.3
104,2016-9-9,71.1
105,2016-10-9,46.3
106,2016-11-9,41.1
107,2016-12-9,65.8
108,2016-1-10,42.3
109,2016-2-10,38.5
110,2016-3-10,37.8
111,2016-4-10,71.3
112,2016-5-10,82.4
113,2016-6-10,60.9
114,2016-7-10,64.4
115,2016-8-10,66.3
116,2016-9-10,65.4
117,2016-10-10,43.3
118,2016-11-10,55.5
119,2016-12-10,47.6
120,2016-1-11,38.3
121,2016-2-11,29.3
122,2016-3-11,43.8
123,2016-4-11,43.8
124,2016-5-11,60.9
125,2016-6-11,74.3
126,2016-7-11,67.4
127,2016-8-11,64.1
128,2016-9-11,66.3
129,2016-10-11,62.4
130,2016-11-11,63.3
131,2016-12-11,42.6
132,2016-1-12,46.0
133,2016-2-12,95.3
134,2016-3-12,55.6
135,2016-4-12,42.6
136,2016-5-12,62.4
137,2016-6-12,79.4
138,2016-7-12,65.5
139,2016-8-12,68.3
140,2016-9-12,68.9
141,2016-10-12,57.0
142,2016-11-12,62.1
143,2016-12-12,37.9
144,2016-1-13,63.0
145,2016-2-13,95.0
146,2016-3-13,68.1
147,2016-4-13,67.5
148,2016-5-13,57.0
149,2016-6-13,70.5
150,2016-7-13,69.0
151,2016-8-13,67.9
152,2016-9-13,62.5
153,2016-10-13,44.1
154,2016-11-13,74.8
155,2016-12-13,53.6
156,2016-1-14,52.1
157,2016-2-14,73.1
158,2016-3-14,57.0
159,2016-4-14,75.9
160,2016-5-14,47.1
161,2016-6-14,62.5
162,2016-7-14,66.9
163,2016-8-14,74.0
164,2016-9-14,66.1
165,2016-10-14,61.8
166,2016-11-14,78.5
167,2016-12-14,68.1
168,2016-1-15,52.3
169,2016-2-15,48.4
170,2016-3-15,43.4
171,2016-4-15,46.4
172,2016-5-15,73.9
173,2016-6-15,81.8
174,2016-7-15,60.0
175,2016-8-15,65.5
176,2016-9-15,68.1
177,2016-10-15,60.6
178,2016-11-15,44.3
179,2016-12-15,41.8
180,2016-1-16,68.0
181,2016-2-16,65.6
182,2016-3-16,45.1
183,2016-4-16,58.9
184,2016-5-16,57.0
185,2016-6-16,73.5
186,2016-7-16,92.8
187,2016-8-16,64.9
188,2016-9-16,64.9
189,2016-10-16,74.1
190,2016-11-16,44.3
191,2016-12-16,40.3
192,2016-1-17,64.0
193,2016-2-17,53.9
194,2016-3-17,40.9
195,2016-4-17,66.8
196,2016-5-17,48.8
197,2016-6-17,63.1
198,2016-7-17,82.9
199,2016-8-17,60.4
200,2016-9-17,64.8
201,2016-10-17,76.1
202,2016-11-17,56.4
203,2016-12-17,60.1
204,2016-1-18,59.8
205,2016-2-18,66.4
206,2016-3-18,50.0
207,2016-4-18,65.4
208,2016-5-18,40.3
209,2016-6-18,58.0
210,2016-7-18,75.1
211,2016-8-18,61.9
212,2016-9-18,53.4
213,2016-10-18,70.9
214,2016-11-18,58.4
215,2016-12-18,68.8
216,2016-1-19,45.9
217,2016-2-19,56.4
218,2016-3-19,58.3
219,2016-4-19,55.1
220,2016-5-19,36.4
221,2016-6-19,64.5
222,2016-7-19,65.5
223,2016-8-19,69.5
224,2016-9-19,53.3
225,2016-10-19,67.6
226,2016-11-19,71.1
227,2016-12-19,66.0
228,2016-1-20,43.6
229,2016-2-20,37.1
230,2016-3-20,54.0
231,2016-4-20,54.0
232,2016-5-20,32.0
233,2016-6-20,66.0
234,2016-7-20,62.5
235,2016-8-20,59.0
236,2016-9-20,41.1
237,2016-10-20,61.3
238,2016-11-20,48.6
239,2016-12-20,71.3
240,2016-1-21,44.3
241,2016-2-21,36.4
242,2016-3-21,54.1
243,2016-4-21,87.6
244,2016-5-21,23.8
245,2016-6-21,60.1
246,2016-7-21,61.3
247,2016-8-21,57.5
248,2016-9-21,43.4
249,2016-10-21,58.6
250,2016-11-21,40.5
251,2016-12-21,75.5
252,2016-1-22,40.5
253,2016-2-22,36.6
254,2016-3-22,58.1
255,2016-4-22,83.4
256,2016-5-22,35.0
257,2016-6-22,75.1
258,2016-7-22,64.0
259,2016-8-22,58.0
260,2016-9-22,46.3
261,2016-10-22,59.0
262,2016-11-22,43.3
263,2016-12-22,90.3
264,2016-1-23,42.0
265,2016-2-23,56.0
266,2016-3-23,49.6
267,2016-4-23,52.1
268,2016-5-23,43.0
269,2016-6-23,71.0
270,2016-7-23,70.4
271,2016-8-23,68.8
272,2016-9-23,57.9
273,2016-10-23,66.3
274,2016-11-23,37.5
275,2016-12-23,71.1
276,2016-1-24,48.5
277,2016-2-24,42.0
278,2016-3-24,36.5
279,2016-4-24,39.6
280,2016-5-24,82.6
281,2016-6-24,75.8
282,2016-7-24,77.9
283,2016-8-24,59.1
284,2016-9-24,60.6
285,2016-10-24,54.8
286,2016-11-24,37.8
287,2016-12-24,66.0
288,2016-1-25,47.1
289,2016-2-25,49.9
290,2016-3-25,43.9
291,2016-4-25,34.8
292,2016-5-25,67.9
293,2016-6-25,63.1
294,2016-7-25,75.3
295,2016-8-25,70.4
296,2016-9-25,57.6
297,2016-10-25,84.0
298,2016-11-25,43.9
299,2016-12-25,69.5
300,2016-1-26,64.5
301,2016-2-26,41.3
302,2016-3-26,54.5
303,2016-4-26,34.8
304,2016-5-26,72.0
305,2016-6-26,58.4
306,2016-7-26,69.0
307,2016-8-26,57.0
308,2016-9-26,59.1
309,2016-10-26,81.0
310,2016-11-26,69.6
311,2016-12-26,73.8
312,2016-1-27,56.3
313,2016-2-27,57.6
314,2016-3-27,55.6
315,2016-4-27,32.0
316,2016-5-27,61.3
317,2016-6-27,55.5
318,2016-7-27,76.4
319,2016-8-27,43.3
320,2016-9-27,82.5
321,2016-10-27,65.4
322,2016-11-27,81.3
323,2016-12-27,54.6
324,2016-1-28,51.5
325,2016-2-28,65.5
326,2016-3-28,47.8
327,2016-4-28,34.4
328,2016-5-28,56.1
329,2016-6-28,61.1
330,2016-7-28,70.6
331,2016-8-28,62.5
332,2016-9-28,84.6
333,2016-10-28,61.8
334,2016-11-28,57.9
335,2016-12-28,49.0
336,2016-1-29,43.6
337,2016-2-29,48.6
338,2016-3-29,57.8
339,2016-4-29,47.6
340,2016-5-29,56.1
341,2016-6-29,58.0
342,2016-7-29,82.3
343,2016-8-29,54.5
344,2016-9-29,64.4
345,2016-10-29,40.3
346,2016-11-29,40.8
347,2016-12-29,53.1
348,2016-1-30,59.5
349,2016-2-30, 
350,2016-3-30,49.9
351,2016-4-30,45.3
352,2016-5-30,57.3
353,2016-6-30,78.1
354,2016-7-30,73.5
355,2016-8-30,60.4
356,2016-9-30,66.9
357,2016-10-30,31.9
358,2016-11-30,59.8
359,2016-12-30,50.9
360,2016-1-31,34.0
361,2016-2-31, 
362,2016-3-31,27.0
363,2016-4-31, 
364,2016-5-31,63.6
365,2016-6-31, 
366,2016-7-31,72.1
367,2016-8-31,85.3
368,2016-9-31, 
369,2016-10-31,59.9
370,2016-11-31, 
371,2016-12-31,65.4
372,2017-1-1,75.9
373,2017-2-1,44.5
374,2017-3-1,65.0
375,2017-4-1,60.5
376,2017-5-1,50.8
377,2017-6-1,51.8
378,2017-7-1,73.6
379,2017-8-1,73.0
380,2017-9-1,56.0
381,2017-10-1,74.8
382,2017-11-1,72.4
383,2017-12-1,49.4
384,2017-1-2,77.8
385,2017-2-2,52.9
386,2017-3-2,59.5
387,2017-4-2,53.1
388,2017-5-2,42.0
389,2017-6-2,37.4
390,2017-7-2,90.5
391,2017-8-2,71.9
392,2017-9-2,59.0
393,2017-10-2,62.3
394,2017-11-2,78.8
395,2017-12-2,59.9
396,2017-1-3,61.8
397,2017-2-3,65.4
398,2017-3-3,54.4
399,2017-4-3,45.6
400,2017-5-3,34.1
401,2017-6-3,44.0
402,2017-7-3,87.6
403,2017-8-3,60.6
404,2017-9-3,64.0
405,2017-10-3,49.8
406,2017-11-3,66.0
407,2017-12-3,83.1
408,2017-1-4,55.0
409,2017-2-4,69.4
410,2017-3-4,60.0
411,2017-4-4,35.3
412,2017-5-4,43.6
413,2017-6-4,36.9
414,2017-7-4,74.5
415,2017-8-4,60.1
416,2017-9-4,53.8
417,2017-10-4,48.5
418,2017-11-4,47.9
419,2017-12-4,48.1
420,2017-1-5,52.3
421,2017-2-5,75.3
422,2017-3-5,71.6
423,2017-4-5,66.0
424,2017-5-5,53.4
425,2017-6-5,33.3
426,2017-7-5,66.9
427,2017-8-5,63.0
428,2017-9-5,62.4
429,2017-10-5,56.4
430,2017-11-5,52.5
431,2017-12-5,40.1
432,2017-1-6,58.5
433,2017-2-6,51.0
434,2017-3-6,41.3
435,2017-4-6,90.0
436,2017-5-6,32.0
437,2017-6-6,60.0
438,2017-7-6,72.3
439,2017-8-6,71.9
440,2017-9-6,75.5
441,2017-10-6,66.4
442,2017-11-6,64.5
443,2017-12-6,72.6
444,2017-1-7,64.9
445,2017-2-7,45.4
446,2017-3-7,37.5
447,2017-4-7,68.1
448,2017-5-7,42.6
449,2017-6-7,91.4
450,2017-7-7,80.8
451,2017-8-7,68.1
452,2017-9-7,73.3
453,2017-10-7,67.6
454,2017-11-7,61.4
455,2017-12-7,64.5
456,2017-1-8,61.4
457,2017-2-8,50.1
458,2017-3-8,50.6
459,2017-4-8,74.5
460,2017-5-8,43.6
461,2017-6-8,67.3
462,2017-7-8,83.3
463,2017-8-8,67.1
464,2017-9-8,67.5
465,2017-10-8,66.9
466,2017-11-8,53.3
467,2017-12-8,41.3
468,2017-1-9,60.8
469,2017-2-9,47.0
470,2017-3-9,47.3
471,2017-4-9,59.6
472,2017-5-9,62.6
473,2017-6-9,69.8
474,2017-7-9,88.0
475,2017-8-9,66.4
476,2017-9-9,70.1
477,2017-10-9,66.0
478,2017-11-9,39.6
479,2017-12-9,46.1
480,2017-1-10,45.1
481,2017-2-10,44.3
482,2017-3-10,37.4
483,2017-4-10,25.8
484,2017-5-10,73.0
485,2017-6-10,46.8
486,2017-7-10,96.5
487,2017-8-10,89.9
488,2017-9-10,74.3
489,2017-10-10,76.9
490,2017-11-10,56.3
491,2017-12-10,67.9
492,2017-1-11,36.4
493,2017-2-11,45.4
494,2017-3-11,37.4
495,2017-4-11,36.8
496,2017-5-11,65.3
497,2017-6-11,33.8
498,2017-7-11,81.4
499,2017-8-11,72.5
500,2017-9-11,79.8
501,2017-10-11,77.1
502,2017-11-11,42.9
503,2017-12-11,40.5
504,2017-1-12,43.1
505,2017-2-12,51.3
506,2017-3-12,58.4
507,2017-4-12,21.8
508,2017-5-12,71.6
509,2017-6-12,45.5
510,2017-7-12,75.9
511,2017-8-12,60.3
512,2017-9-12,58.6
513,2017-10-12,71.0
514,2017-11-12,57.1
515,2017-12-12,41.9
516,2017-1-13,47.4
517,2017-2-13,59.6
518,2017-3-13,49.8
519,2017-4-13,54.0
520,2017-5-13,77.8
521,2017-6-13,63.0
522,2017-7-13,71.0
523,2017-8-13,62.1
524,2017-9-13,49.3
525,2017-10-13,51.0
526,2017-11-13,64.4
527,2017-12-13,42.0
528,2017-1-14,33.3
529,2017-2-14,46.0
530,2017-3-14,37.5
531,2017-4-14,57.9
532,2017-5-14,58.3
533,2017-6-14,63.0
534,2017-7-14,68.4
535,2017-8-14,67.5
536,2017-9-14,48.8
537,2017-10-14,42.8
538,2017-11-14,42.5
539,2017-12-14,42.9
540,2017-1-15,35.3
541,2017-2-15,52.1
542,2017-3-15,34.9
543,2017-4-15,59.4
544,2017-5-15,61.4
545,2017-6-15,62.4
546,2017-7-15,89.0
547,2017-8-15,93.8
548,2017-9-15,48.4
549,2017-10-15,42.5
550,2017-11-15,38.3
551,2017-12-15,52.6
552,2017-1-16,37.6
553,2017-2-16,63.9
554,2017-3-16,41.8
555,2017-4-16,52.9
556,2017-5-16,60.5
557,2017-6-16,55.8
558,2017-7-16,83.4
559,2017-8-16,80.5
560,2017-9-16,50.9
561,2017-10-16,47.6
562,2017-11-16,30.3
563,2017-12-16,43.1
564,2017-1-17,46.6
565,2017-2-17,56.9
566,2017-3-17,43.1
567,2017-4-17,66.5
568,2017-5-17,50.0
569,2017-6-17,52.3
570,2017-7-17,77.3
571,2017-8-17,77.1
572,2017-9-17,51.3
573,2017-10-17,47.1
574,2017-11-17,39.4
575,2017-12-17,38.1
576,2017-1-18,68.9
577,2017-2-18,49.4
578,2017-3-18,34.1
579,2017-4-18,76.5
580,2017-5-18,41.9
581,2017-6-18,52.0
582,2017-7-18,80.6
583,2017-8-18,75.6
584,2017-9-18,62.8
585,2017-10-18,58.8
586,2017-11-18,38.5
587,2017-12-18,80.0
588,2017-1-19,55.4
589,2017-2-19,68.0
590,2017-3-19,36.0
591,2017-4-19,43.1
592,2017-5-19,42.6
593,2017-6-19,50.9
594,2017-7-19,71.4
595,2017-8-19,75.8
596,2017-9-19,79.1
597,2017-10-19,58.3
598,2017-11-19,37.8
599,2017-12-19,49.4
600,2017-1-20,70.3
601,2017-2-20,53.8
602,2017-3-20,40.4
603,2017-4-20,45.4
604,2017-5-20,44.0
605,2017-6-20,43.4
606,2017-7-20,66.1
607,2017-8-20,95.6
608,2017-9-20,48.9
609,2017-10-20,58.6
610,2017-11-20,55.3
611,2017-12-20,68.0
612,2017-1-21,78.1
613,2017-2-21,37.1
614,2017-3-21,48.1
615,2017-4-21,56.5
616,2017-5-21,48.1
617,2017-6-21,52.6
618,2017-7-21,73.1
619,2017-8-21,81.5
620,2017-9-21,57.3
621,2017-10-21,52.8
622,2017-11-21,55.6
623,2017-12-21,71.4
624,2017-1-22,51.3
625,2017-2-22,70.8
626,2017-3-22,32.8
627,2017-4-22,48.4
628,2017-5-22,53.6
629,2017-6-22,57.3
630,2017-7-22,75.8
631,2017-8-22,70.6
632,2017-9-22,60.8
633,2017-10-22,50.4
634,2017-11-22,54.8
635,2017-12-22,66.6
636,2017-1-23,48.4
637,2017-2-23,56.4
638,2017-3-23,34.0
639,2017-4-23,40.0
640,2017-5-23,68.0
641,2017-6-23,53.0
642,2017-7-23,89.5
643,2017-8-23,84.1
644,2017-9-23,69.8
645,2017-10-23,47.0
646,2017-11-23,49.3
647,2017-12-23,75.8
648,2017-1-24,49.6
649,2017-2-24,51.3
650,2017-3-24,41.4
651,2017-4-24,39.4
652,2017-5-24,60.4
653,2017-6-24,60.4
654,2017-7-24,82.3
655,2017-8-24,85.3
656,2017-9-24,71.5
657,2017-10-24,54.3
658,2017-11-24,62.5
659,2017-12-24,82.0
660,2017-1-25,50.6
661,2017-2-25,63.6
662,2017-3-25,41.1
663,2017-4-25,56.8
664,2017-5-25,45.6
665,2017-6-25,75.4
666,2017-7-25,64.1
667,2017-8-25,61.9
668,2017-9-25,58.0
669,2017-10-25,59.0
670,2017-11-25,77.6
671,2017-12-25,43.1
672,2017-1-26,64.4
673,2017-2-26,52.8
674,2017-3-26,53.1
675,2017-4-26,36.0
676,2017-5-26,41.5
677,2017-6-26,76.9
678,2017-7-26,55.6
679,2017-8-26,54.5
680,2017-9-26,57.0
681,2017-10-26,56.5
682,2017-11-26,71.6
683,2017-12-26,41.8
684,2017-1-27,47.3
685,2017-2-27,37.4
686,2017-3-27,67.4
687,2017-4-27,41.8
688,2017-5-27,46.1
689,2017-6-27,67.5
690,2017-7-27,62.5
691,2017-8-27,62.0
692,2017-9-27,66.4
693,2017-10-27,54.4
694,2017-11-27,53.0
695,2017-12-27,31.4
696,2017-1-28,38.0
697,2017-2-28,41.5
698,2017-3-28,59.8
699,2017-4-28,57.3
700,2017-5-28,50.6
701,2017-6-28,63.5
702,2017-7-28,92.1
703,2017-8-28,73.1
704,2017-9-28,49.1
705,2017-10-28,51.9
706,2017-11-28,64.1
707,2017-12-28,47.0
708,2017-1-29,71.1
709,2017-2-29, 
710,2017-3-29,54.9
711,2017-4-29,44.3
712,2017-5-29,61.8
713,2017-6-29,64.8
714,2017-7-29,72.3
715,2017-8-29,51.4
716,2017-9-29,39.3
717,2017-10-29,45.6
718,2017-11-29,48.3
719,2017-12-29,67.0
720,2017-1-30,61.4
721,2017-2-30, 
722,2017-3-30,50.0
723,2017-4-30,57.9
724,2017-5-30,43.5
725,2017-6-30,65.9
726,2017-7-30,64.4
727,2017-8-30,55.8
728,2017-9-30,64.9
729,2017-10-30,27.4
730,2017-11-30,26.8
731,2017-12-30,79.5
732,2017-1-31,44.8
733,2017-2-31, 
734,2017-3-31,70.6
735,2017-4-31, 
736,2017-5-31,49.1
737,2017-6-31, 
738,2017-7-31,82.3
739,2017-8-31,62.4
740,2017-9-31, 
741,2017-10-31,54.3
742,2017-11-31, 
743,2017-12-31,54.4
744,2018-1-1,39.1
745,2018-2-1,44.1
746,2018-3-1,61.9
747,2018-4-1,68.8
748,2018-5-1,72.8
749,2018-6-1,50.4
750,2018-7-1,94.6
751,2018-8-1,55.5
752,2018-9-1,59.4
753,2018-10-1,55.1
754,2018-11-1,53.4
755,2018-12-1,42.3
756,2018-1-2,42.0
757,2018-2-2,51.1
758,2018-3-2,34.0
759,2018-4-2,64.0
760,2018-5-2,90.4
761,2018-6-2,44.5
762,2018-7-2,95.4
763,2018-8-2,54.4
764,2018-9-2,55.8
765,2018-10-2,61.4
766,2018-11-2,54.9
767,2018-12-2,50.1
768,2018-1-3,42.3
769,2018-2-3,47.0
770,2018-3-3,38.1
771,2018-4-3,72.9
772,2018-5-3,62.4
773,2018-6-3,39.4
774,2018-7-3,74.4
775,2018-8-3,55.3
776,2018-9-3,85.3
777,2018-10-3,58.0
778,2018-11-3,56.0
779,2018-12-3,87.4
780,2018-1-4,43.0
781,2018-2-4,40.9
782,2018-3-4,89.1
783,2018-4-4,67.0
784,2018-5-4,45.5
785,2018-6-4,50.1
786,2018-7-4,69.6
787,2018-8-4,60.6
788,2018-9-4,69.4
789,2018-10-4,56.5
790,2018-11-4,55.0
791,2018-12-4,74.9
792,2018-1-5,48.4
793,2018-2-5,37.8
794,2018-3-5,67.5
795,2018-4-5,90.6
796,2018-5-5,46.8
797,2018-6-5,52.5
798,2018-7-5,72.8
799,2018-8-5,71.8
800,2018-9-5,63.5
801,2018-10-5,84.1
802,2018-11-5,65.5
803,2018-12-5,39.5
804,2018-1-6,45.8
805,2018-2-6,36.5
806,2018-3-6,46.8
807,2018-4-6,71.6
808,2018-5-6,86.4
809,2018-6-6,62.9
810,2018-7-6,57.8
811,2018-8-6,71.6
812,2018-9-6,69.9
813,2018-10-6,84.0
814,2018-11-6,70.5
815,2018-12-6,50.5
816,2018-1-7,42.1
817,2018-2-7,39.8
818,2018-3-7,54.0
819,2018-4-7,45.5
820,2018-5-7,60.3
821,2018-6-7,69.3
822,2018-7-7,51.4
823,2018-8-7,63.4
824,2018-9-7,54.6
825,2018-10-7,53.5
826,2018-11-7,79.5
827,2018-12-7,37.1
828,2018-1-8,51.9
829,2018-2-8,43.3
830,2018-3-8,76.0
831,2018-4-8,59.6
832,2018-5-8,50.9
833,2018-6-8,68.0
834,2018-7-8,51.5
835,2018-8-8,64.8
836,2018-9-8,48.8
837,2018-10-8,47.0
838,2018-11-8,93.8
839,2018-12-8,37.1
840,2018-1-9,59.4
841,2018-2-9,43.9
842,2018-3-9,63.3
843,2018-4-9,57.9
844,2018-5-9,50.4
845,2018-6-9,60.6
846,2018-7-9,82.3
847,2018-8-9,76.3
848,2018-9-9,49.0
849,2018-10-9,52.5
850,2018-11-9,69.0
851,2018-12-9,27.0
852,2018-1-10,52.0
853,2018-2-10,47.4
854,2018-3-10,65.8
855,2018-4-10,51.0
856,2018-5-10,67.4
857,2018-6-10,59.9
858,2018-7-10,87.8
859,2018-8-10,60.9
860,2018-9-10,49.5
861,2018-10-10,61.0
862,2018-11-10,69.1
863,2018-12-10,33.3
864,2018-1-11,49.8
865,2018-2-11,42.5
866,2018-3-11,51.3
867,2018-4-11,49.4
868,2018-5-11,59.8
869,2018-6-11,67.3
870,2018-7-11,82.9
871,2018-8-11,55.8
872,2018-9-11,48.1
873,2018-10-11,51.0
874,2018-11-11,67.6
875,2018-12-11,44.8
876,2018-1-12,35.4
877,2018-2-12,40.8
878,2018-3-12,45.8
879,2018-4-12,30.5
880,2018-5-12,89.3
881,2018-6-12,65.5
882,2018-7-12,82.4
883,2018-8-12,61.3
884,2018-9-12,52.0
885,2018-10-12,54.0
886,2018-11-12,52.3
887,2018-12-12,39.0
888,2018-1-13,67.3
889,2018-2-13,54.5
890,2018-3-13,60.5
891,2018-4-13,22.9
892,2018-5-13,82.5
893,2018-6-13,64.0
894,2018-7-13,74.8
895,2018-8-13,68.6
896,2018-9-13,63.5
897,2018-10-13,54.0
898,2018-11-13,51.6
899,2018-12-13,57.4
900,2018-1-14,64.1
901,2018-2-14,51.0
902,2018-3-14,58.8
903,2018-4-14,78.8
904,2018-5-14,71.4
905,2018-6-14,74.9
906,2018-7-14,69.6
907,2018-8-14,58.3
908,2018-9-14,66.9
909,2018-10-14,60.0
910,2018-11-14,55.5
911,2018-12-14,44.3
912,2018-1-15,63.9
913,2018-2-15,28.0
914,2018-3-15,92.1
915,2018-4-15,65.5
916,2018-5-15,56.4
917,2018-6-15,60.8
918,2018-7-15,69.6
919,2018-8-15,59.5
920,2018-9-15,76.0
921,2018-10-15,69.9
922,2018-11-15,55.4
923,2018-12-15,46.8
924,2018-1-16,59.1
925,2018-2-16,40.1
926,2018-3-16,46.9
927,2018-4-16,41.9
928,2018-5-16,93.8
929,2018-6-16,56.4
930,2018-7-16,64.3
931,2018-8-16,51.0
932,2018-9-16,83.6
933,2018-10-16,55.9
934,2018-11-16,65.1
935,2018-12-16,63.8
936,2018-1-17,64.1
937,2018-2-17,25.6
938,2018-3-17,48.0
939,2018-4-17,37.9
940,2018-5-17,97.0
941,2018-6-17,66.9
942,2018-7-17,66.5
943,2018-8-17,39.8
944,2018-9-17,64.3
945,2018-10-17,53.3
946,2018-11-17,50.8
947,2018-12-17,60.1
948,2018-1-18,59.6
949,2018-2-18,26.9
950,2018-3-18,55.9
951,2018-4-18,35.4
952,2018-5-18,86.8
953,2018-6-18,54.9
954,2018-7-18,64.8
955,2018-8-18,44.6
956,2018-9-18,59.8
957,2018-10-18,59.5
958,2018-11-18,48.8
959,2018-12-18,56.3
960,2018-1-19,43.0
961,2018-2-19,48.6
962,2018-3-19,64.5
963,2018-4-19,38.8
964,2018-5-19,47.5
965,2018-6-19,61.3
966,2018-7-19,64.1
967,2018-8-19,50.6
968,2018-9-19,59.1
969,2018-10-19,54.3
970,2018-11-19,50.4
971,2018-12-19,53.4
972,2018-1-20,57.6
973,2018-2-20,41.0
974,2018-3-20,39.9
975,2018-4-20,46.0
976,2018-5-20,32.1
977,2018-6-20,68.1
978,2018-7-20,62.6
979,2018-8-20,55.6
980,2018-9-20,82.4
981,2018-10-20,53.9
982,2018-11-20,39.9
983,2018-12-20,45.5
984,2018-1-21,36.6
985,2018-2-21,31.5
986,2018-3-21,64.1
987,2018-4-21,32.0
988,2018-5-21,43.9
989,2018-6-21,60.1
990,2018-7-21,53.6
991,2018-8-21,71.4
992,2018-9-21,85.8
993,2018-10-21,49.5
994,2018-11-21,57.1
995,2018-12-21,40.1
996,2018-1-22,56.5
997,2018-2-22,59.0
998,2018-3-22,61.5
999,2018-4-22,57.4
1000,2018-5-22,75.5
1001,2018-6-22,45.1
1002,2018-7-22,49.6
1003,2018-8-22,54.1
1004,2018-9-22,62.3
1005,2018-10-22,50.0
1006,2018-11-22,35.0
1007,2018-12-22,48.9
1008,2018-1-23,42.0
1009,2018-2-23,81.1
1010,2018-3-23,55.3
1011,2018-4-23,93.9
1012,2018-5-23,57.1
1013,2018-6-23,50.6
1014,2018-7-23,53.8
1015,2018-8-23,59.1
1016,2018-9-23,52.9
1017,2018-10-23,75.1
1018,2018-11-23,29.6
1019,2018-12-23,43.0
1020,2018-1-24,31.6
1021,2018-2-24,49.4
1022,2018-3-24,61.9
1023,2018-4-24,63.3
1024,2018-5-24,47.4
1025,2018-6-24,62.8
1026,2018-7-24,59.5
1027,2018-8-24,86.3
1028,2018-9-24,48.3
1029,2018-10-24,66.0
1030,2018-11-24,71.1
1031,2018-12-24,35.9
1032,2018-1-25,32.6
1033,2018-2-25,40.6
1034,2018-3-25,65.6
1035,2018-4-25,37.8
1036,2018-5-25,47.4
1037,2018-6-25,57.1
1038,2018-7-25,66.3
1039,2018-8-25,68.0
1040,2018-9-25,48.0
1041,2018-10-25,55.5
1042,2018-11-25,77.8
1043,2018-12-25,53.4
1044,2018-1-26,34.9
1045,2018-2-26,43.1
1046,2018-3-26,64.5
1047,2018-4-26,51.9
1048,2018-5-26,50.1
1049,2018-6-26,88.3
1050,2018-7-26,68.8
1051,2018-8-26,70.0
1052,2018-9-26,47.9
1053,2018-10-26,74.1
1054,2018-11-26,70.1
1055,2018-12-26,40.8
1056,2018-1-27,37.4
1057,2018-2-27,48.8
1058,2018-3-27,61.1
1059,2018-4-27,52.9
1060,2018-5-27,47.4
1061,2018-6-27,81.9
1062,2018-7-27,69.3
1063,2018-8-27,91.0
1064,2018-9-27,47.6
1065,2018-10-27,49.6
1066,2018-11-27,65.0
1067,2018-12-27,28.3
1068,2018-1-28,36.0
1069,2018-2-28,73.3
1070,2018-3-28,66.4
1071,2018-4-28,49.0
1072,2018-5-28,49.8
1073,2018-6-28,85.1
1074,2018-7-28,77.1
1075,2018-8-28,92.4
1076,2018-9-28,58.1
1077,2018-10-28,77.1
1078,2018-11-28,27.1
1079,2018-12-28,33.0
1080,2018-1-29,35.0
1081,2018-2-29, 
1082,2018-3-29,66.3
1083,2018-4-29,43.1
1084,2018-5-29,69.3
1085,2018-6-29,78.5
1086,2018-7-29,52.4
1087,2018-8-29,86.0
1088,2018-9-29,55.5
1089,2018-10-29,57.3
1090,2018-11-29,41.4
1091,2018-12-29,29.0
1092,2018-1-30,62.0
1093,2018-2-30, 
1094,2018-3-30,55.6
1095,2018-4-30,61.6
1096,2018-5-30,69.8
1097,2018-6-30,83.8
1098,2018-7-30,50.9
1099,2018-8-30,80.9
1100,2018-9-30,52.5
1101,2018-10-30,51.3
1102,2018-11-30,46.1
1103,2018-12-30,35.9
1104,2018-1-31,54.5
1105,2018-2-31, 
1106,2018-3-31,52.9
1107,2018-4-31, 
1108,2018-5-31,58.9
1109,2018-6-31, 
1110,2018-7-31,50.5
1111,2018-8-31,67.4
1112,2018-9-31, 
1113,2018-10-31,55.4
1114,2018-11-31, 
1115,2018-12-31,39.6
1116,2019-1-1,49.5
1117,2019-2-1,47.6
1118,2019-3-1,42.3
1119,2019-4-1,39.8
1120,2019-5-1,48.9
1121,2019-6-1,60.5
1122,2019-7-1,64.4
1123,2019-8-1,86.4
1124,2019-9-1,64.0
1125,2019-10-1,67.1
1126,2019-11-1,57.9
1127,2019-12-1,79.4
1128,2019-1-2,42.8
1129,2019-2-2,60.0
1130,2019-3-2,37.6
1131,2019-4-2,36.9
1132,2019-5-2,28.5
1133,2019-6-2,42.1
1134,2019-7-2,63.5
1135,2019-8-2,74.6
1136,2019-9-2,56.6
1137,2019-10-2,88.0
1138,2019-11-2,57.3
1139,2019-12-2,48.0
1140,2019-1-3,38.8
1141,2019-2-3,92.9
1142,2019-3-3,36.4
1143,2019-4-3,36.1
1144,2019-5-3,37.5
1145,2019-6-3,42.9
1146,2019-7-3,64.6
1147,2019-8-3,69.0
1148,2019-9-3,67.6
1149,2019-10-3,73.4
1150,2019-11-3,57.8
1151,2019-12-3,61.3
1152,2019-1-4,55.5
1153,2019-2-4,40.4
1154,2019-3-4,46.1
1155,2019-4-4,43.0
1156,2019-5-4,40.4
1157,2019-6-4,56.4
1158,2019-7-4,59.6
1159,2019-8-4,75.9
1160,2019-9-4,89.0
1161,2019-10-4,71.5
1162,2019-11-4,57.8
1163,2019-12-4,41.6
1164,2019-1-5,40.3
1165,2019-2-5,37.1
1166,2019-3-5,66.3
1167,2019-4-5,41.0
1168,2019-5-5,35.8
1169,2019-6-5,63.8
1170,2019-7-5,42.1
1171,2019-8-5,65.5
1172,2019-9-5,91.4
1173,2019-10-5,72.6
1174,2019-11-5,65.1
1175,2019-12-5,31.9
1176,2019-1-6,35.0
1177,2019-2-6,54.9
1178,2019-3-6,55.0
1179,2019-4-6,39.9
1180,2019-5-6,27.1
1181,2019-6-6,75.9
1182,2019-7-6,40.9
1183,2019-8-6,51.4
1184,2019-9-6,79.8
1185,2019-10-6,53.4
1186,2019-11-6,63.6
1187,2019-12-6,34.5
1188,2019-1-7,46.4
1189,2019-2-7,45.5
1190,2019-3-7,51.1
1191,2019-4-7,43.1
1192,2019-5-7,33.4
1193,2019-6-7,77.3
1194,2019-7-7,43.3
1195,2019-8-7,78.1
1196,2019-9-7,72.9
1197,2019-10-7,92.0
1198,2019-11-7,42.8
1199,2019-12-7,65.0
1200,2019-1-8,31.0
1201,2019-2-8,31.5
1202,2019-3-8,39.4
1203,2019-4-8,25.6
1204,2019-5-8,48.3
1205,2019-6-8,57.5
1206,2019-7-8,46.6
1207,2019-8-8,71.4
1208,2019-9-8,76.9
1209,2019-10-8,58.8
1210,2019-11-8,31.4
1211,2019-12-8,65.1
1212,2019-1-9,28.8
1213,2019-2-9,30.0
1214,2019-3-9,31.8
1215,2019-4-9,49.1
1216,2019-5-9,43.3
1217,2019-6-9,66.1
1218,2019-7-9,46.4
1219,2019-8-9,69.0
1220,2019-9-9,74.3
1221,2019-10-9,48.3
1222,2019-11-9,41.4
1223,2019-12-9,56.8
1224,2019-1-10,48.8
1225,2019-2-10,31.3
1226,2019-3-10,26.4
1227,2019-4-10,78.4
1228,2019-5-10,48.0
1229,2019-6-10,70.3
1230,2019-7-10,64.1
1231,2019-8-10,57.9
1232,2019-9-10,93.4
1233,2019-10-10,60.9
1234,2019-11-10,59.6
1235,2019-12-10,82.3
1236,2019-1-11,58.8
1237,2019-2-11,34.9
1238,2019-3-11,61.0
1239,2019-4-11,58.0
1240,2019-5-11,39.0
1241,2019-6-11,51.1
1242,2019-7-11,76.9
1243,2019-8-11,53.6
1244,2019-9-11,71.4
1245,2019-10-11,60.0
1246,2019-11-11,71.6
1247,2019-12-11,62.0
1248,2019-1-12,47.6
1249,2019-2-12,35.5
1250,2019-3-12,55.1
1251,2019-4-12,48.5
1252,2019-5-12,36.0
1253,2019-6-12,57.1
1254,2019-7-12,65.5
1255,2019-8-12,91.8
1256,2019-9-12,72.3
1257,2019-10-12,49.3
1258,2019-11-12,63.6
1259,2019-12-12,45.4
1260,2019-1-13,54.3
1261,2019-2-13,26.6
1262,2019-3-13,38.5
1263,2019-4-13,34.0
1264,2019-5-13,43.4
1265,2019-6-13,51.9
1266,2019-7-13,67.3
1267,2019-8-13,76.9
1268,2019-9-13,60.4
1269,2019-10-13,52.6
1270,2019-11-13,72.3
1271,2019-12-13,53.6
1272,2019-1-14,68.6
1273,2019-2-14,24.3
1274,2019-3-14,45.3
1275,2019-4-14,45.5
1276,2019-5-14,44.5
1277,2019-6-14,54.8
1278,2019-7-14,64.6
1279,2019-8-14,63.9
1280,2019-9-14,80.0
1281,2019-10-14,56.9
1282,2019-11-14,30.6
1283,2019-12-14,58.3
1284,2019-1-15,58.8
1285,2019-2-15,72.8
1286,2019-3-15,72.8
1287,2019-4-15,30.9
1288,2019-5-15,48.1
1289,2019-6-15,61.5
1290,2019-7-15,80.0
1291,2019-8-15,82.0
1292,2019-9-15,70.4
1293,2019-10-15,55.6
1294,2019-11-15,87.4
1295,2019-12-15,52.5
1296,2019-1-16,45.9
1297,2019-2-16,59.0
1298,2019-3-16,69.9
1299,2019-4-16,26.3
1300,2019-5-16,43.8
1301,2019-6-16,55.4
1302,2019-7-16,79.0
1303,2019-8-16,74.5
1304,2019-9-16,53.0
1305,2019-10-16,58.3
1306,2019-11-16,81.3
1307,2019-12-16,58.9
1308,2019-1-17,45.8
1309,2019-2-17,47.4
1310,2019-3-17,55.4
1311,2019-4-17,37.5
1312,2019-5-17,44.9
1313,2019-6-17,59.1
1314,2019-7-17,73.9
1315,2019-8-17,69.5
1316,2019-9-17,41.6
1317,2019-10-17,56.0
1318,2019-11-17,79.4
1319,2019-12-17,81.4
1320,2019-1-18,44.0
1321,2019-2-18,43.5
1322,2019-3-18,43.8
1323,2019-4-18,74.4
1324,2019-5-18,46.8
1325,2019-6-18,78.6
1326,2019-7-18,65.0
1327,2019-8-18,66.5
1328,2019-9-18,46.0
1329,2019-10-18,58.3
1330,2019-11-18,59.8
1331,2019-12-18,64.6
1332,2019-1-19,59.8
1333,2019-2-19,80.8
1334,2019-3-19,52.0
1335,2019-4-19,57.5
1336,2019-5-19,93.0
1337,2019-6-19,77.8
1338,2019-7-19,61.3
1339,2019-8-19,60.6
1340,2019-9-19,46.5
1341,2019-10-19,63.8
1342,2019-11-19,48.0
1343,2019-12-19,47.8
1344,2019-1-20,38.5
1345,2019-2-20,67.8
1346,2019-3-20,79.0
1347,2019-4-20,66.9
1348,2019-5-20,63.6
1349,2019-6-20,70.6
1350,2019-7-20,66.9
1351,2019-8-20,56.3
1352,2019-9-20,52.8
1353,2019-10-20,70.3
1354,2019-11-20,35.5
1355,2019-12-20,45.3
1356,2019-1-21,57.8
1357,2019-2-21,59.4
1358,2019-3-21,77.4
1359,2019-4-21,77.8
1360,2019-5-21,52.0
1361,2019-6-21,72.9
1362,2019-7-21,87.1
1363,2019-8-21,67.3
1364,2019-9-21,60.3
1365,2019-10-21,61.0
1366,2019-11-21,37.4
1367,2019-12-21,68.1
1368,2019-1-22,62.0
1369,2019-2-22,56.1
1370,2019-3-22,40.9
1371,2019-4-22,50.6
1372,2019-5-22,46.0
1373,2019-6-22,42.3
1374,2019-7-22,74.6
1375,2019-8-22,66.5
1376,2019-9-22,63.4
1377,2019-10-22,56.1
1378,2019-11-22,34.1
1379,2019-12-22,63.4
1380,2019-1-23,48.9
1381,2019-2-23,41.0
1382,2019-3-23,46.9
1383,2019-4-23,52.0
1384,2019-5-23,45.0
1385,2019-6-23,40.4
1386,2019-7-23,70.8
1387,2019-8-23,58.4
1388,2019-9-23,51.1
1389,2019-10-23,57.3
1390,2019-11-23,52.0
1391,2019-12-23,80.4
1392,2019-1-24,34.9
1393,2019-2-24,45.0
1394,2019-3-24,45.4
1395,2019-4-24,70.4
1396,2019-5-24,46.4
1397,2019-6-24,46.9
1398,2019-7-24,82.3
1399,2019-8-24,60.9
1400,2019-9-24,61.3
1401,2019-10-24,47.6
1402,2019-11-24,74.6
1403,2019-12-24,67.9
1404,2019-1-25,27.6
1405,2019-2-25,55.8
1406,2019-3-25,56.1
1407,2019-4-25,75.9
1408,2019-5-25,45.6
1409,2019-6-25,49.1
1410,2019-7-25,90.1
1411,2019-8-25,66.6
1412,2019-9-25,64.4
1413,2019-10-25,58.0
1414,2019-11-25,62.1
1415,2019-12-25,60.8
1416,2019-1-26,30.9
1417,2019-2-26,32.8
1418,2019-3-26,51.1
1419,2019-4-26,82.1
1420,2019-5-26,39.0
1421,2019-6-26,52.6
1422,2019-7-26,95.3
1423,2019-8-26,63.8
1424,2019-9-26,59.3
1425,2019-10-26,60.0
1426,2019-11-26,64.0
1427,2019-12-26,59.0
1428,2019-1-27,52.5
1429,2019-2-27,31.3
1430,2019-3-27,66.4
1431,2019-4-27,52.6
1432,2019-5-27,80.9
1433,2019-6-27,70.5
1434,2019-7-27,76.6
1435,2019-8-27,71.1
1436,2019-9-27,57.5
1437,2019-10-27,59.0
1438,2019-11-27,50.8
1439,2019-12-27,45.4
1440,2019-1-28,40.4
1441,2019-2-28,39.5
1442,2019-3-28,49.9
1443,2019-4-28,48.8
1444,2019-5-28,45.9
1445,2019-6-28,67.3
1446,2019-7-28,88.3
1447,2019-8-28,66.2
1448,2019-9-28,58.9
1449,2019-10-28,65.9
1450,2019-11-28,52.4
1451,2019-12-28,47.6
1452,2019-1-29,35.5
1453,2019-2-29, 
1454,2019-3-29,33.1
1455,2019-4-29,52.9
1456,2019-5-29,48.4
1457,2019-6-29,72.0
1458,2019-7-29,74.5
1459,2019-8-29,77.1
1460,2019-9-29,60.6
1461,2019-10-29,61.0
1462,2019-11-29,42.8
1463,2019-12-29,52.5
1464,2019-1-30,54.6
1465,2019-2-30, 
1466,2019-3-30,72.0
1467,2019-4-30,52.8
1468,2019-5-30,48.0
1469,2019-6-30,73.5
1470,2019-7-30,75.3
1471,2019-8-30,66.3
1472,2019-9-30,61.0
1473,2019-10-30,60.3
1474,2019-11-30,42.6
1475,2019-12-30,70.3
1476,2019-1-31,29.0
1477,2019-2-31, 
1478,2019-3-31,46.0
1479,2019-4-31, 
1480,2019-5-31,49.6
1481,2019-6-31, 
1482,2019-7-31,91.1
1483,2019-8-31,65.0
1484,2019-9-31, 
1485,2019-10-31,73.8
1486,2019-11-31, 
1487,2019-12-31,39.3
1488,2020-1-1,64.4
1489,2020-2-1,66.6
1490,2020-3-1,71.8
1491,2020-4-1,35.6
1492,2020-5-1,73.6
1493,2020-6-1,64.3
1494,2020-7-1,79.3
1495,2020-8-1,90.9
1496,2020-9-1,72.4
1497,2020-10-1,74.9
1498,2020-11-1,84.3
1499,2020-12-1,44.5
1500,2020-1-2,65.4
1501,2020-2-2,52.3
1502,2020-3-2,55.3
1503,2020-4-2,41.4
1504,2020-5-2,79.6
1505,2020-6-2,71.0
1506,2020-7-2,74.5
1507,2020-8-2,96.3
1508,2020-9-2,91.3
1509,2020-10-2,79.6
1510,2020-11-2,58.3
1511,2020-12-2,41.4
1512,2020-1-3,56.9
1513,2020-2-3,43.6
1514,2020-3-3,57.0
1515,2020-4-3,53.8
1516,2020-5-3,68.8
1517,2020-6-3,73.3
1518,2020-7-3,63.5
1519,2020-8-3,96.3
1520,2020-9-3,82.0
1521,2020-10-3,72.5
1522,2020-11-3,47.5
1523,2020-12-3,47.1
1524,2020-1-4,50.8
1525,2020-2-4,50.3
1526,2020-3-4,53.4
1527,2020-4-4,36.4
1528,2020-5-4,63.9
1529,2020-6-4,81.1
1530,2020-7-4,63.9
1531,2020-8-4,89.3
1532,2020-9-4,63.9
1533,2020-10-4,65.1
1534,2020-11-4,43.9
1535,2020-12-4,53.8
1536,2020-1-5,45.6
1537,2020-2-5,37.3
1538,2020-3-5,47.5
1539,2020-4-5,29.5
1540,2020-5-5,67.9
1541,2020-6-5,69.4
1542,2020-7-5,68.6
1543,2020-8-5,92.1
1544,2020-9-5,66.6
1545,2020-10-5,57.3
1546,2020-11-5,61.5
1547,2020-12-5,63.1
1548,2020-1-6,65.4
1549,2020-2-6,36.4
1550,2020-3-6,46.8
1551,2020-4-6,38.3
1552,2020-5-6,50.0
1553,2020-6-6,63.6
1554,2020-7-6,66.6
1555,2020-8-6,92.8
1556,2020-9-6,80.0
1557,2020-10-6,55.9
1558,2020-11-6,63.3
1559,2020-12-6,66.9
1560,2020-1-7,95.0
1561,2020-2-7,45.1
1562,2020-3-7,39.5
1563,2020-4-7,56.6
1564,2020-5-7,32.5
1565,2020-6-7,69.4
1566,2020-7-7,75.5
1567,2020-8-7,85.3
1568,2020-9-7,93.5
1569,2020-10-7,48.9
1570,2020-11-7,68.8
1571,2020-12-7,57.5
1572,2020-1-8,86.1
1573,2020-2-8,48.1
1574,2020-3-8,43.8
1575,2020-4-8,25.5
1576,2020-5-8,32.8
1577,2020-6-8,63.6
1578,2020-7-8,71.9
1579,2020-8-8,89.5
1580,2020-9-8,71.5
1581,2020-10-8,53.0
1582,2020-11-8,43.8
1583,2020-12-8,50.0
1584,2020-1-9,65.3
1585,2020-2-9,51.1
1586,2020-3-9,37.6
1587,2020-4-9,44.6
1588,2020-5-9,94.4
1589,2020-6-9,51.6
1590,2020-7-9,64.6
1591,2020-8-9,95.4
1592,2020-9-9,83.4
1593,2020-10-9,53.4
1594,2020-11-9,40.9
1595,2020-12-9,55.1
1596,2020-1-10,62.9
1597,2020-2-10,49.4
1598,2020-3-10,78.4
1599,2020-4-10,52.6
1600,2020-5-10,88.6
1601,2020-6-10,63.8
1602,2020-7-10,75.0
1603,2020-8-10,91.6
1604,2020-9-10,75.8
1605,2020-10-10,60.1
1606,2020-11-10,56.1
1607,2020-12-10,69.9
1608,2020-1-11,60.9
1609,2020-2-11,37.0
1610,2020-3-11,41.8
1611,2020-4-11,63.8
1612,2020-5-11,61.0
1613,2020-6-11,68.3
1614,2020-7-11,62.6
1615,2020-8-11,92.5
1616,2020-9-11,72.6
1617,2020-10-11,68.5
1618,2020-11-11,53.5
1619,2020-12-11,77.1
1620,2020-1-12,61.5
1621,2020-2-12,73.4
1622,2020-3-12,49.8
1623,2020-4-12,58.6
1624,2020-5-12,69.4
1625,2020-6-12,68.6
1626,2020-7-12,71.9
1627,2020-8-12,83.9
1628,2020-9-12,83.8
1629,2020-10-12,68.6
1630,2020-11-12,56.9
1631,2020-12-12,51.3
1632,2020-1-13,51.0
1633,2020-2-13,84.8
1634,2020-3-13,41.0
1635,2020-4-13,39.4
1636,2020-5-13,47.3
1637,2020-6-13,52.8
1638,2020-7-13,94.8
1639,2020-8-13,82.4
1640,2020-9-13,70.4
1641,2020-10-13,52.3
1642,2020-11-13,71.5
1643,2020-12-13,74.9
1644,2020-1-14,45.3
1645,2020-2-14,70.3
1646,2020-3-14,48.1
1647,2020-4-14,46.8
1648,2020-5-14,35.4
1649,2020-6-14,70.6
1650,2020-7-14,79.4
1651,2020-8-14,86.1
1652,2020-9-14,79.3
1653,2020-10-14,47.0
1654,2020-11-14,66.9
1655,2020-12-14,49.1
1656,2020-1-15,44.8
1657,2020-2-15,63.0
1658,2020-3-15,48.3
1659,2020-4-15,39.8
1660,2020-5-15,81.4
1661,2020-6-15,62.3
1662,2020-7-15,63.1
1663,2020-8-15,96.0
1664,2020-9-15,76.4
1665,2020-10-15,41.8
1666,2020-11-15,75.0
1667,2020-12-15,43.0
1668,2020-1-16,43.0
1669,2020-2-16,81.1
1670,2020-3-16,42.4
1671,2020-4-16,39.9
1672,2020-5-16,90.3
1673,2020-6-16,63.0
1674,2020-7-16,70.9
1675,2020-8-16,82.6
1676,2020-9-16,79.9
1677,2020-10-16,64.3
1678,2020-11-16,70.1
1679,2020-12-16,43.9
1680,2020-1-17,43.9
1681,2020-2-17,64.3
1682,2020-3-17,65.8
1683,2020-4-17,77.8
1684,2020-5-17,80.1
1685,2020-6-17,58.6
1686,2020-7-17,72.0
1687,2020-8-17,77.9
1688,2020-9-17,70.3
1689,2020-10-17,64.3
1690,2020-11-17,67.5
1691,2020-12-17,47.0
1692,2020-1-18,48.1
1693,2020-2-18,44.0
1694,2020-3-18,45.8
1695,2020-4-18,67.9
1696,2020-5-18,79.4
1697,2020-6-18,61.4
1698,2020-7-18,71.6
1699,2020-8-18,76.3
1700,2020-9-18,62.0
1701,2020-10-18,65.5
1702,2020-11-18,91.4
1703,2020-12-18,57.0
1704,2020-1-19,62.8
1705,2020-2-19,56.8
1706,2020-3-19,49.0
1707,2020-4-19,75.8
1708,2020-5-19,73.6
1709,2020-6-19,61.4
1710,2020-7-19,81.6
1711,2020-8-19,76.8
1712,2020-9-19,59.3
1713,2020-10-19,74.4
1714,2020-11-19,90.5
1715,2020-12-19,45.1
1716,2020-1-20,46.8
1717,2020-2-20,62.6
1718,2020-3-20,39.6
1719,2020-4-20,73.0
1720,2020-5-20,60.4
1721,2020-6-20,62.6
1722,2020-7-20,86.3
1723,2020-8-20,76.0
1724,2020-9-20,57.6
1725,2020-10-20,67.1
1726,2020-11-20,74.3
1727,2020-12-20,50.4
1728,2020-1-21,36.9
1729,2020-2-21,66.3
1730,2020-3-21,56.5
1731,2020-4-21,49.0
1732,2020-5-21,56.1
1733,2020-6-21,59.5
1734,2020-7-21,77.0
1735,2020-8-21,83.1
1736,2020-9-21,56.1
1737,2020-10-21,69.4
1738,2020-11-21,67.9
1739,2020-12-21,64.1
1740,2020-1-22,36.0
1741,2020-2-22,62.0
1742,2020-3-22,37.5
1743,2020-4-22,46.8
1744,2020-5-22,68.5
1745,2020-6-22,50.5
1746,2020-7-22,89.3
1747,2020-8-22,87.4
1748,2020-9-22,55.3
1749,2020-10-22,66.0
1750,2020-11-22,80.5
1751,2020-12-22,67.6
1752,2020-1-23,49.3
1753,2020-2-23,48.6
1754,2020-3-23,37.9
1755,2020-4-23,47.8
1756,2020-5-23,66.1
1757,2020-6-23,53.5
1758,2020-7-23,95.5
1759,2020-8-23,78.4
1760,2020-9-23,59.9
1761,2020-10-23,51.5
1762,2020-11-23,61.4
1763,2020-12-23,76.6
1764,2020-1-24,63.0
1765,2020-2-24,51.8
1766,2020-3-24,35.0
1767,2020-4-24,55.6
1768,2020-5-24,84.8
1769,2020-6-24,83.5
1770,2020-7-24,74.3
1771,2020-8-24,71.6
1772,2020-9-24,59.6
1773,2020-10-24,47.6
1774,2020-11-24,54.5
1775,2020-12-24,61.5
1776,2020-1-25,63.1
1777,2020-2-25,73.5
1778,2020-3-25,33.6
1779,2020-4-25,54.4
1780,2020-5-25,81.0
1781,2020-6-25,91.0
1782,2020-7-25,69.3
1783,2020-8-25,69.5
1784,2020-9-25,64.1
1785,2020-10-25,62.5
1786,2020-11-25,64.1
1787,2020-12-25,51.9
1788,2020-1-26,56.3
1789,2020-2-26,59.6
1790,2020-3-26,53.8
1791,2020-4-26,43.1
1792,2020-5-26,81.9
1793,2020-6-26,82.1
1794,2020-7-26,69.3
1795,2020-8-26,68.3
1796,2020-9-26,62.5
1797,2020-10-26,71.6
1798,2020-11-26,66.5
1799,2020-12-26,65.8
1800,2020-1-27,48.1
1801,2020-2-27,54.0
1802,2020-3-27,56.4
1803,2020-4-27,49.8
1804,2020-5-27,68.5
1805,2020-6-27,70.4
1806,2020-7-27,86.4
1807,2020-8-27,84.6
1808,2020-9-27,63.3
1809,2020-10-27,74.1
1810,2020-11-27,61.6
1811,2020-12-27,62.9
1812,2020-1-28,49.4
1813,2020-2-28,79.4
1814,2020-3-28,17.9
1815,2020-4-28,50.0
1816,2020-5-28,62.8
1817,2020-6-28,70.5
1818,2020-7-28,84.8
1819,2020-8-28,89.1
1820,2020-9-28,66.0
1821,2020-10-28,52.1
1822,2020-11-28,50.0
1823,2020-12-28,72.1
1824,2020-1-29,46.4
1825,2020-2-29,68.6
1826,2020-3-29,30.6
1827,2020-4-29,48.6
1828,2020-5-29,65.6
1829,2020-6-29,77.0
1830,2020-7-29,95.8
1831,2020-8-29,90.1
1832,2020-9-29,67.6
1833,2020-10-29,40.3
1834,2020-11-29,59.6
1835,2020-12-29,70.8
1836,2020-1-30,47.0
1837,2020-2-30, 
1838,2020-3-30,38.4
1839,2020-4-30,57.1
1840,2020-5-30,57.3
1841,2020-6-30,83.0
1842,2020-7-30,85.5
1843,2020-8-30,88.8
1844,2020-9-30,78.0
1845,2020-10-30,42.9
1846,2020-11-30,57.8
1847,2020-12-30,55.5
1848,2020-1-31,59.6
1849,2020-2-31, 
1850,2020-3-31,34.5
1851,2020-4-31, 
1852,2020-5-31,63.0
1853,2020-6-31, 
1854,2020-7-31,81.9
1855,2020-8-31,77.9
1856,2020-9-31, 
1857,2020-10-31,60.3
1858,2020-11-31, 
1859,2020-12-31,53.9
1860,2021-1-1,64.0
1861,2021-2-1,74.5
1862,2021-3-1,91.0
1863,2021-4-1,33.0
1864,2021-5-1,80.8
1865,2021-6-1,74.6
1866,2021-7-1,70.9
1867,2021-8-1,81.8
1868,2021-9-1,83.1
1869,2021-10-1,75.8
1870,2021-11-1,77.3
1871,2021-12-1,51.8
1872,2021-1-2,38.5
1873,2021-2-2,44.1
1874,2021-3-2,75.9
1875,2021-4-2,35.6
1876,2021-5-2,67.9
1877,2021-6-2,64.4
1878,2021-7-2,64.1
1879,2021-8-2,82.6
1880,2021-9-2,70.3
1881,2021-10-2,77.1
1882,2021-11-2,76.6
1883,2021-12-2,68.9
1884,2021-1-3,45.0
1885,2021-2-3,64.6
1886,2021-3-3,64.4
1887,2021-4-3,80.8
1888,2021-5-3,56.4
1889,2021-6-3,80.8
1890,2021-7-3,80.0
1891,2021-8-3,76.9
1892,2021-9-3,60.3
1893,2021-10-3,69.5
1894,2021-11-3,71.1
1895,2021-12-3,53.3
1896,2021-1-4,51.4
1897,2021-2-4,50.1
1898,2021-3-4,62.4
1899,2021-4-4,65.8
1900,2021-5-4,82.6
1901,2021-6-4,69.4
1902,2021-7-4,96.8
1903,2021-8-4,70.6
1904,2021-9-4,57.0
1905,2021-10-4,81.0
1906,2021-11-4,80.4
1907,2021-12-4,48.5
1908,2021-1-5,52.8
1909,2021-2-5,71.8
1910,2021-3-5,70.3
1911,2021-4-5,47.9
1912,2021-5-5,64.4
1913,2021-6-5,68.1
1914,2021-7-5,80.3
1915,2021-8-5,68.1
1916,2021-9-5,61.1
1917,2021-10-5,82.4
1918,2021-11-5,68.5
1919,2021-12-5,50.4
1920,2021-1-6,54.6
1921,2021-2-6,80.4
1922,2021-3-6,69.5
1923,2021-4-6,50.9
1924,2021-5-6,46.4
1925,2021-6-6,69.6
1926,2021-7-6,73.4
1927,2021-8-6,68.4
1928,2021-9-6,70.1
1929,2021-10-6,91.5
1930,2021-11-6,61.1
1931,2021-12-6,61.4
1932,2021-1-7,49.9
1933,2021-2-7,67.0
1934,2021-3-7,62.9
1935,2021-4-7,47.5
1936,2021-5-7,60.3
1937,2021-6-7,71.5
1938,2021-7-7,78.5
1939,2021-8-7,65.0
1940,2021-9-7,98.1
1941,2021-10-7,85.5
1942,2021-11-7,57.5
1943,2021-12-7,68.3
1944,2021-1-8,44.0
1945,2021-2-8,43.6
1946,2021-3-8,60.3
1947,2021-4-8,34.0
1948,2021-5-8,66.1
1949,2021-6-8,69.6
1950,2021-7-8,81.6
1951,2021-8-8,74.8
1952,2021-9-8,81.3
1953,2021-10-8,91.3
1954,2021-11-8,82.1
1955,2021-12-8,70.0
1956,2021-1-9,46.3
1957,2021-2-9,51.9
1958,2021-3-9,58.5
1959,2021-4-9,39.3
1960,2021-5-9,51.3
1961,2021-6-9,59.1
1962,2021-7-9,77.3
1963,2021-8-9,62.4
1964,2021-9-9,76.5
1965,2021-10-9,83.5
1966,2021-11-9,80.3
1967,2021-12-9,70.3
1968,2021-1-10,54.4
1969,2021-2-10,75.1
1970,2021-3-10,61.8
1971,2021-4-10,50.0
1972,2021-5-10,67.9
1973,2021-6-10,68.5
1974,2021-7-10,80.4
1975,2021-8-10,62.5
1976,2021-9-10,76.0
1977,2021-10-10,89.0
1978,2021-11-10,73.4
1979,2021-12-10,81.5
1980,2021-1-11,62.1
1981,2021-2-11,71.5
1982,2021-3-11,50.8
1983,2021-4-11,45.4
1984,2021-5-11,48.9
1985,2021-6-11,84.5
1986,2021-7-11,86.8
1987,2021-8-11,70.3
1988,2021-9-11,73.1
1989,2021-10-11,78.6
1990,2021-11-11,60.6
1991,2021-12-11,83.6
1992,2021-1-12,79.5
1993,2021-2-12,60.6
1994,2021-3-12,57.0
1995,2021-4-12,70.4
1996,2021-5-12,39.5
1997,2021-6-12,74.6
1998,2021-7-12,75.1
1999,2021-8-12,67.1
2000,2021-9-12,64.6
2001,2021-10-12,67.1
2002,2021-11-12,55.4
2003,2021-12-12,61.8
2004,2021-1-13,80.3
2005,2021-2-13,50.6
2006,2021-3-13,62.8
2007,2021-4-13,74.0
2008,2021-5-13,54.4
2009,2021-6-13,72.6
2010,2021-7-13,76.1
2011,2021-8-13,70.4
2012,2021-9-13,67.1
2013,2021-10-13,66.6
2014,2021-11-13,66.1
2015,2021-12-13,43.8
2016,2021-1-14,46.5
2017,2021-2-14,47.6
2018,2021-3-14,71.4
2019,2021-4-14,58.5
2020,2021-5-14,60.3
2021,2021-6-14,68.8
2022,2021-7-14,71.4
2023,2021-8-14,63.9
2024,2021-9-14,63.3
2025,2021-10-14,73.6
2026,2021-11-14,69.8
2027,2021-12-14,64.9
2028,2021-1-15,67.4
2029,2021-2-15,65.1
2030,2021-3-15,68.8
2031,2021-4-15,62.3
2032,2021-5-15,79.5
2033,2021-6-15,79.1
2034,2021-7-15,71.1
2035,2021-8-15,59.6
2036,2021-9-15,57.5
2037,2021-10-15,74.4
2038,2021-11-15,71.3
2039,2021-12-15,84.8
2040,2021-1-16,59.3
2041,2021-2-16,57.9
2042,2021-3-16,52.5
2043,2021-4-16,60.0
2044,2021-5-16,97.6
2045,2021-6-16,59.9
2046,2021-7-16,68.4
2047,2021-8-16,61.1
2048,2021-9-16,61.1
2049,2021-10-16,47.5
2050,2021-11-16,65.5
2051,2021-12-16,71.6
2052,2021-1-17,58.5
2053,2021-2-17,44.1
2054,2021-3-17,44.9
2055,2021-4-17,56.6
2056,2021-5-17,93.0
2057,2021-6-17,71.4
2058,2021-7-17,63.1
2059,2021-8-17,65.0
2060,2021-9-17,61.4
2061,2021-10-17,37.4
2062,2021-11-17,64.1
2063,2021-12-17,50.5
2064,2021-1-18,64.3
2065,2021-2-18,44.9
2066,2021-3-18,50.1
2067,2021-4-18,64.3
2068,2021-5-18,70.5
2069,2021-6-18,92.1
2070,2021-7-18,62.5
2071,2021-8-18,69.6
2072,2021-9-18,65.1
2073,2021-10-18,60.4
2074,2021-11-18,70.8
2075,2021-12-18,64.1
2076,2021-1-19,37.9
2077,2021-2-19,66.9
2078,2021-3-19,47.9
2079,2021-4-19,65.3
2080,2021-5-19,52.3
2081,2021-6-19,74.0
2082,2021-7-19,80.1
2083,2021-8-19,57.1
2084,2021-9-19,62.9
2085,2021-10-19,72.8
2086,2021-11-19,84.8
2087,2021-12-19,63.8
2088,2021-1-20,37.8
2089,2021-2-20,60.4
2090,2021-3-20,74.6
2091,2021-4-20,55.1
2092,2021-5-20,59.8
2093,2021-6-20,73.3
2094,2021-7-20,75.8
2095,2021-8-20,63.6
2096,2021-9-20,63.6
2097,2021-10-20,64.9
2098,2021-11-20,77.0
2099,2021-12-20,77.9
2100,2021-1-21,64.4
2101,2021-2-21,66.6
2102,2021-3-21,65.9
2103,2021-4-21,43.1
2104,2021-5-21,86.5
2105,2021-6-21,67.0
2106,2021-7-21,64.0
2107,2021-8-21,88.1
2108,2021-9-21,85.1
2109,2021-10-21,64.1
2110,2021-11-21,74.4
2111,2021-12-21,70.9
2112,2021-1-22,92.9
2113,2021-2-22,58.3
2114,2021-3-22,55.3
2115,2021-4-22,37.9
2116,2021-5-22,69.3
2117,2021-6-22,67.9
2118,2021-7-22,59.8
2119,2021-8-22,81.5
2120,2021-9-22,79.0
2121,2021-10-22,58.4
2122,2021-11-22,61.8
2123,2021-12-22,47.4
2124,2021-1-23,66.0
2125,2021-2-23,34.0
2126,2021-3-23,63.5
2127,2021-4-23,41.4
2128,2021-5-23,64.4
2129,2021-6-23,70.5
2130,2021-7-23,61.8
2131,2021-8-23,89.3
2132,2021-9-23,67.3
2133,2021-10-23,57.3
2134,2021-11-23,60.9
2135,2021-12-23,53.5
2136,2021-1-24,63.9
2137,2021-2-24,33.0
2138,2021-3-24,61.5
2139,2021-4-24,43.0
2140,2021-5-24,61.0
2141,2021-6-24,71.1
2142,2021-7-24,57.4
2143,2021-8-24,93.6
2144,2021-9-24,67.5
2145,2021-10-24,63.1
2146,2021-11-24,64.3
2147,2021-12-24,65.3
2148,2021-1-25,62.0
2149,2021-2-25,35.1
2150,2021-3-25,68.5
2151,2021-4-25,50.0
2152,2021-5-25,72.3
2153,2021-6-25,69.0
2154,2021-7-25,55.8
2155,2021-8-25,85.5
2156,2021-9-25,72.6
2157,2021-10-25,64.5
2158,2021-11-25,55.0
2159,2021-12-25,42.4
2160,2021-1-26,80.4
2161,2021-2-26,35.0
2162,2021-3-26,58.4
2163,2021-4-26,51.8
2164,2021-5-26,58.5
2165,2021-6-26,78.5
2166,2021-7-26,54.9
2167,2021-8-26,84.9
2168,2021-9-26,63.0
2169,2021-10-26,74.5
2170,2021-11-26,57.5
2171,2021-12-26,43.5
2172,2021-1-27,47.6
2173,2021-2-27,48.6
2174,2021-3-27,70.9
2175,2021-4-27,62.4
2176,2021-5-27,83.0
2177,2021-6-27,72.1
2178,2021-7-27,60.5
2179,2021-8-27,83.5
2180,2021-9-27,66.0
2181,2021-10-27,63.4
2182,2021-11-27,53.0
2183,2021-12-27,60.9
2184,2021-1-28,52.3
2185,2021-2-28,49.0
2186,2021-3-28,95.8
2187,2021-4-28,64.1
2188,2021-5-28,86.0
2189,2021-6-28,76.4
2190,2021-7-28,67.4
2191,2021-8-28,80.4
2192,2021-9-28,75.1
2193,2021-10-28,54.6
2194,2021-11-28,52.4
2195,2021-12-28,73.8
2196,2021-1-29,40.0
2197,2021-2-29, 
2198,2021-3-29,62.3
2199,2021-4-29,54.1
2200,2021-5-29,79.8
2201,2021-6-29,78.6
2202,2021-7-29,69.9
2203,2021-8-29,82.6
2204,2021-9-29,93.5
2205,2021-10-29,55.9
2206,2021-11-29,62.0
2207,2021-12-29,72.9
2208,2021-1-30,60.0
2209,2021-2-30, 
2210,2021-3-30,47.3
2211,2021-4-30,81.8
2212,2021-5-30,73.0
2213,2021-6-30,77.9
2214,2021-7-30,63.1
2215,2021-8-30,77.5
2216,2021-9-30,83.9
2217,2021-10-30,62.4
2218,2021-11-30,80.4
2219,2021-12-30,48.5
2220,2021-1-31,57.0
2221,2021-2-31, 
2222,2021-3-31,41.0
2223,2021-4-31, 
2224,2021-5-31,78.9
2225,2021-6-31, 
2226,2021-7-31,69.9
2227,2021-8-31,93.3
2228,2021-9-31, 
2229,2021-10-31,73.3
2230,2021-11-31, 
2231,2021-12-31,35.9
